Agent,Metric,Mean,P5,P50,P95,P99
LoopAgent,Latency,31.52846834238838,14.710313367843629,21.64871621131897,89.27905292510985,102.5716270828247
LoopAgent,Product_Count,3.2941176470588234,1.0,2.0,9.399999999999999,10.68
