Agent,Metric,Mean,P5,P50,P95,P99
Standalone_NoSchema,Latency,13.777352809906006,10.45337529182434,11.784782886505127,19.890928220748897,21.021303167343138
Standalone_NoSchema,Product_Count,0.75,0.0,0.0,2.549999999999999,2.9099999999999993
LoopAgent,Latency,32.62655031681061,12.437082982063293,20.614009380340576,69.63357496261594,76.03160562515258
LoopAgent,Product_Count,5.0,1.0,5.0,9.0,9.0
SequentialAgent,Latency,20.6903058886528,13.3282200217247,19.780328154563904,29.32636058330536,29.965311980247495
SequentialAgent,Product_Count,8.25,1.0,7.0,17.25,17.849999999999998
Standalone_Schema,Latency,4.37032151222229,3.6325966477394105,3.9534144401550293,5.691716277599333,5.91465951681137
Standalone_Schema,Product_Count,1.25,0.0,0.0,4.249999999999998,4.849999999999999
