Agent,Metric,Mean,P5,P50,P95,P99
LoopAgent,Latency,57.59699140276228,14.956363868713378,22.284406065940857,178.0199773788447,702.6436424136189
LoopAgent,Product_Count,5.6571428571428575,0.0,2.0,19.0,21.310000000000002
SequentialAgent,Latency,27.58996949195862,13.133603847026825,19.69412899017334,33.1869290471077,265.6158692479134
SequentialAgent,Product_Count,6.742857142857143,0.0,2.5,18.0,39.810000000000116
Standalone_Schema,Latency,6.137713692017964,2.9505622386932373,4.801064491271973,9.943164944648743,21.856327545642927
Standalone_Schema,Product_Count,1.6964285714285714,0.0,0.0,6.0,7.0
Standalone_NoSchema,Latency,19.7477810382843,9.33534241914749,18.23282527923584,32.75099153518677,48.35279814004898
Standalone_NoSchema,Product_Count,1.5857142857142856,0.0,0.0,10.0,11.0
