Agent,Metric,Mean,P5,P50,P95,P99
LoopAgent,Latency,47.22176996370157,14.582972884178162,23.145790219306946,95.8906923532486,295.72692192792806
LoopAgent,Product_Count,5.2648809523809526,0.0,2.0,17.0,24.0
SequentialAgent,Latency,19.93938520621686,11.662555992603302,17.666505336761475,30.750977396965027,40.674959993362386
SequentialAgent,Product_Count,5.154761904761905,0.0,2.0,16.0,18.0
Standalone_Schema,Latency,4.4819982147216795,2.279201054573059,3.715054512023926,8.184753370285033,10.762602319717406
Standalone_Schema,Product_Count,1.221818181818182,0.0,0.0,6.0,9.0
Standalone_NoSchema,Latency,17.75340407731987,8.09502249956131,15.834000945091248,30.188844740390778,37.33283114433286
Standalone_NoSchema,Product_Count,2.011904761904762,0.0,1.0,9.0,13.299999999999955
