Agent,Metric,Mean,P5,P50,P95,P99
Standalone_NoSchema,Latency,16.65647718111674,9.271442651748657,15.780302286148071,25.187347042560578,33.9627407360077
Standalone_NoSchema,Product_Count,2.3,0.0,1.0,8.649999999999991,11.420000000000002
