Agent,Metric,Mean,P5,P50,P95,P99
SequentialAgent,Latency,21.01394124464555,13.063872969150543,21.649211883544922,26.811119198799133,28.64043089866638
SequentialAgent,Product_Count,7.636363636363637,1.0,7.0,17.0,17.79
Standalone_Schema,Latency,5.1445100665092465,2.6300100684165955,4.548314690589905,8.911378753185273,10.110238244533537
Standalone_Schema,Product_Count,1.35,0.0,0.0,7.050000000000001,7.809999999999999
Standalone_NoSchema,Latency,21.212258958816527,10.428058314323426,16.191561222076416,34.93822948932646,115.5411244392396
Standalone_NoSchema,Product_Count,2.566666666666667,0.0,1.0,11.199999999999989,14.420000000000002
