Agent,Metric,Mean,P5,P50,P95,P99
LoopAgent,Latency,35.40617952346802,14.81449637413025,23.68558669090271,101.74084119796747,108.81093040466307
LoopAgent,Product_Count,7.0,1.0,4.0,16.599999999999994,23.079999999999984
SequentialAgent,Latency,21.045803022384643,11.996830892562867,20.614677906036377,31.632607555389406,34.939646949768054
SequentialAgent,Product_Count,7.24,1.0,3.0,20.799999999999997,21.759999999999998
Standalone_Schema,Latency,5.596909973356459,2.984297525882721,4.665091395378113,9.72579272985458,11.412632911205288
Standalone_Schema,Product_Count,2.4444444444444446,0.0,0.0,8.599999999999994,11.319999999999993
Standalone_NoSchema,Latency,24.633386810620625,9.274007260799408,16.890491604804993,31.149829506874077,182.6599059963228
Standalone_NoSchema,Product_Count,2.466666666666667,0.0,1.0,11.099999999999994,13.420000000000002
